,Iso3_code,Country,Region,Subregion,Indicator,Dimension,Category,Sex,Age,Year,Unit of measurement,VALUE,Source,Unnamed: 13
0,AUS,Australia,Oceania,Australia and New Zealand,Victims of intentional homicide,Total,Total,Total,Total,2007,Counts,255.0,MD/Eurostat/GSH 2019 Revision/CTS,
1,AUT,Austria,Europe,Western Europe,Victims of intentional homicide,Total,Total,Total,Total,2007,Counts,45.0,UNSDC/Eurostat/CTS/GSH 2023 Revision,
2,CAN,Canada,Americas,Northern America,Victims of intentional homicide,Total,Total,Total,Total,2007,Counts,597.0,NSO/OAS/CTS/SDG/GSH 2023 Revision,
3,CZE,Czechia,Europe,Eastern Europe,Victims of intentional homicide,Total,Total,Total,Total,2007,Counts,126.0,Eurostat/UNSDC/GSH 2019 Revision/CTS,
4,DEU,Germany,Europe,Western Europe,Victims of intentional homicide,Total,Total,Total,Total,2007,Counts,888.0,SDG/CTS/NP,
5,ESP,Spain,Europe,Southern Europe,Victims of intentional homicide,Total,Total,Total,Total,2007,Counts,482.0,WHO Adjusted/Eurostat/CTS/SDG,
6,EST,Estonia,Europe,Northern Europe,Victims of intentional homicide,Total,Total,Total,Total,2007,Counts,96.0,UNSDC/Eurostat/CTS,
7,FIN,Finland,Europe,Northern Europe,Victims of intentional homicide,Total,Total,Total,Total,2007,Counts,129.0,UNSDC/CTS/SDG/External,
8,FRA,France,Europe,Western Europe,Victims of intentional homicide,Total,Total,Total,Total,2007,Counts,993.0,UNSDC/Eurostat/CTS/MoI,
9,GRC,Greece,Europe,Southern Europe,Victims of intentional homicide,Total,Total,Total,Total,2007,Counts,130.0,UNSDC/Eurostat/CTS/UNODC Research,
10,HRV,Croatia,Europe,Southern Europe,Victims of intentional homicide,Total,Total,Total,Total,2007,Counts,62.0,MoI/CTS/UNODC Research,
11,HUN,Hungary,Europe,Eastern Europe,Victims of intentional homicide,Total,Total,Total,Total,2007,Counts,154.0,UNSDC/CTS,
12,ISL,Iceland,Europe,Northern Europe,Victims of intentional homicide,Total,Total,Total,Total,2007,Counts,2.0,Eurostat/UNSDC/CTS/SDG,
13,ISR,Israel,Asia,Western Asia,Victims of intentional homicide,Total,Total,Total,Total,2007,Counts,135.0,UNSDC/NSO/SDG/CTS,
14,ITA,Italy,Europe,Southern Europe,Victims of intentional homicide,Total,Total,Total,Total,2007,Counts,631.0,UNSDC/CTS/SDG,
15,JPN,Japan,Asia,Eastern Asia,Victims of intentional homicide,Total,Total,Total,Total,2007,Counts,574.0,GSH 2019 Revision/SDG/CTS/MoI,
16,KOR,Republic of Korea,Asia,Eastern Asia,Victims of intentional homicide,Total,Total,Total,Total,2007,Counts,430.398571383053,UNSDC Adjusted/NP Adjusted/SDG Adjusted/GSH 2019 Revision/CTS,
17,LTU,Lithuania,Europe,Northern Europe,Victims of intentional homicide,Total,Total,Total,Total,2007,Counts,277.0,UNSDC/CTS,
18,LUX,Luxembourg,Europe,Western Europe,Victims of intentional homicide,Total,Total,Total,Total,2007,Counts,7.0,Eurostat/UNECE/CTS,
19,NLD,Netherlands,Europe,Western Europe,Victims of intentional homicide,Total,Total,Total,Total,2007,Counts,143.0,MD/NSO/CTS,
20,NOR,Norway,Europe,Northern Europe,Victims of intentional homicide,Total,Total,Total,Total,2007,Counts,30.0,UNSDC/GSH 2019 Revision/SDG/Eurostat/CTS/NP,
21,NZL,New Zealand,Oceania,Australia and New Zealand,Victims of intentional homicide,Total,Total,Total,Total,2007,Counts,48.0,WHO Adjusted/UNSDC/NP/CTS,
22,SVK,Slovakia,Europe,Eastern Europe,Victims of intentional homicide,Total,Total,Total,Total,2007,Counts,82.0,TransMonEE/UNSDC/SDG/GSH 2023 Revision/CTS,
23,SVN,Slovenia,Europe,Southern Europe,Victims of intentional homicide,Total,Total,Total,Total,2007,Counts,24.0,UNSDC/CTS,
24,SWE,Sweden,Europe,Northern Europe,Victims of intentional homicide,Total,Total,Total,Total,2007,Counts,111.0,NCCP/CTS,
25,USA,United States of America,Americas,Northern America,Victims of intentional homicide,Total,Total,Total,Total,2007,Counts,17128.0,NP/UNSDC/CTS/GSH 2019 Revision,
26,AUS,Australia,Oceania,Australia and New Zealand,Victims of intentional homicide,Total,Total,Total,Total,2008,Counts,261.0,MD/Eurostat/GSH 2019 Revision/CTS,
27,AUT,Austria,Europe,Western Europe,Victims of intentional homicide,Total,Total,Total,Total,2008,Counts,58.0,UNSDC/Eurostat/CTS/GSH 2023 Revision,
28,CAN,Canada,Americas,Northern America,Victims of intentional homicide,Total,Total,Total,Total,2008,Counts,614.0,NSO/OAS/CTS/SDG/GSH 2023 Revision,
29,CZE,Czechia,Europe,Eastern Europe,Victims of intentional homicide,Total,Total,Total,Total,2008,Counts,114.0,Eurostat/UNSDC/GSH 2019 Revision/CTS,
30,DEU,Germany,Europe,Western Europe,Victims of intentional homicide,Total,Total,Total,Total,2008,Counts,831.0,SDG/CTS/NP,
31,ESP,Spain,Europe,Southern Europe,Victims of intentional homicide,Total,Total,Total,Total,2008,Counts,407.0,WHO Adjusted/Eurostat/CTS/SDG,
32,EST,Estonia,Europe,Northern Europe,Victims of intentional homicide,Total,Total,Total,Total,2008,Counts,86.0,UNSDC/Eurostat/CTS,
33,FIN,Finland,Europe,Northern Europe,Victims of intentional homicide,Total,Total,Total,Total,2008,Counts,133.0,UNSDC/CTS/SDG/External,
34,FRA,France,Europe,Western Europe,Victims of intentional homicide,Total,Total,Total,Total,2008,Counts,1021.0,UNSDC/Eurostat/CTS/MoI,
35,GRC,Greece,Europe,Southern Europe,Victims of intentional homicide,Total,Total,Total,Total,2008,Counts,144.0,UNSDC/Eurostat/CTS/UNODC Research,
36,HRV,Croatia,Europe,Southern Europe,Victims of intentional homicide,Total,Total,Total,Total,2008,Counts,71.0,MoI/CTS/UNODC Research,
37,HUN,Hungary,Europe,Eastern Europe,Victims of intentional homicide,Total,Total,Total,Total,2008,Counts,181.0,UNSDC/CTS,
38,ISL,Iceland,Europe,Northern Europe,Victims of intentional homicide,Total,Total,Total,Total,2008,Counts,0.0,Eurostat/UNSDC/CTS/SDG,
39,ISR,Israel,Asia,Western Asia,Victims of intentional homicide,Total,Total,Total,Total,2008,Counts,120.0,UNSDC/NSO/SDG/CTS,
40,ITA,Italy,Europe,Southern Europe,Victims of intentional homicide,Total,Total,Total,Total,2008,Counts,615.0,UNSDC/CTS/SDG,
41,JPN,Japan,Asia,Eastern Asia,Victims of intentional homicide,Total,Total,Total,Total,2008,Counts,654.0,GSH 2019 Revision/SDG/CTS/MoI,
42,KOR,Republic of Korea,Asia,Eastern Asia,Victims of intentional homicide,Total,Total,Total,Total,2008,Counts,429.623776475073,UNSDC Adjusted/NP Adjusted/SDG Adjusted/GSH 2019 Revision/CTS,
43,LTU,Lithuania,Europe,Northern Europe,Victims of intentional homicide,Total,Total,Total,Total,2008,Counts,298.0,UNSDC/CTS,
44,LUX,Luxembourg,Europe,Western Europe,Victims of intentional homicide,Total,Total,Total,Total,2008,Counts,8.0,Eurostat/UNECE/CTS,
45,NLD,Netherlands,Europe,Western Europe,Victims of intentional homicide,Total,Total,Total,Total,2008,Counts,150.0,MD/NSO/CTS,
46,NOR,Norway,Europe,Northern Europe,Victims of intentional homicide,Total,Total,Total,Total,2008,Counts,34.0,UNSDC/GSH 2019 Revision/SDG/Eurostat/CTS/NP,
47,NZL,New Zealand,Oceania,Australia and New Zealand,Victims of intentional homicide,Total,Total,Total,Total,2008,Counts,51.0,WHO Adjusted/UNSDC/NP/CTS,
48,POL,Poland,Europe,Eastern Europe,Victims of intentional homicide,Total,Total,Total,Total,2008,Counts,326.0,UNSDC/Eurostat/CTS/SDG,
49,SVK,Slovakia,Europe,Eastern Europe,Victims of intentional homicide,Total,Total,Total,Total,2008,Counts,86.0,TransMonEE/UNSDC/SDG/GSH 2023 Revision/CTS,
50,SVN,Slovenia,Europe,Southern Europe,Victims of intentional homicide,Total,Total,Total,Total,2008,Counts,10.0,UNSDC/CTS,
51,SWE,Sweden,Europe,Northern Europe,Victims of intentional homicide,Total,Total,Total,Total,2008,Counts,82.0,NCCP/CTS,
52,USA,United States of America,Americas,Northern America,Victims of intentional homicide,Total,Total,Total,Total,2008,Counts,16465.0,NP/UNSDC/CTS/GSH 2019 Revision,
53,AUS,Australia,Oceania,Australia and New Zealand,Victims of intentional homicide,Total,Total,Total,Total,2009,Counts,263.0,MD/Eurostat/GSH 2019 Revision/CTS,
54,AUT,Austria,Europe,Western Europe,Victims of intentional homicide,Total,Total,Total,Total,2009,Counts,51.0,UNSDC/Eurostat/CTS/GSH 2023 Revision,
55,CAN,Canada,Americas,Northern America,Victims of intentional homicide,Total,Total,Total,Total,2009,Counts,610.0,NSO/OAS/CTS/SDG/GSH 2023 Revision,
57,CZE,Czechia,Europe,Eastern Europe,Victims of intentional homicide,Total,Total,Total,Total,2009,Counts,94.0,Eurostat/UNSDC/GSH 2019 Revision/CTS,
58,DEU,Germany,Europe,Western Europe,Victims of intentional homicide,Total,Total,Total,Total,2009,Counts,803.0,SDG/CTS/NP,
59,ESP,Spain,Europe,Southern Europe,Victims of intentional homicide,Total,Total,Total,Total,2009,Counts,412.0,WHO Adjusted/Eurostat/CTS/SDG,
60,EST,Estonia,Europe,Northern Europe,Victims of intentional homicide,Total,Total,Total,Total,2009,Counts,70.0,UNSDC/Eurostat/CTS,
61,FIN,Finland,Europe,Northern Europe,Victims of intentional homicide,Total,Total,Total,Total,2009,Counts,120.0,UNSDC/CTS/SDG/External,
62,FRA,France,Europe,Western Europe,Victims of intentional homicide,Total,Total,Total,Total,2009,Counts,819.0,UNSDC/Eurostat/CTS/MoI,
63,GRC,Greece,Europe,Southern Europe,Victims of intentional homicide,Total,Total,Total,Total,2009,Counts,152.0,UNSDC/Eurostat/CTS/UNODC Research,
64,HRV,Croatia,Europe,Southern Europe,Victims of intentional homicide,Total,Total,Total,Total,2009,Counts,49.0,MoI/CTS/UNODC Research,
65,HUN,Hungary,Europe,Eastern Europe,Victims of intentional homicide,Total,Total,Total,Total,2009,Counts,139.0,UNSDC/CTS,
66,ISL,Iceland,Europe,Northern Europe,Victims of intentional homicide,Total,Total,Total,Total,2009,Counts,1.0,Eurostat/UNSDC/CTS/SDG,
67,ISR,Israel,Asia,Western Asia,Victims of intentional homicide,Total,Total,Total,Total,2009,Counts,144.0,UNSDC/NSO/SDG/CTS,
68,ITA,Italy,Europe,Southern Europe,Victims of intentional homicide,Total,Total,Total,Total,2009,Counts,590.0,UNSDC/CTS/SDG,
69,JPN,Japan,Asia,Eastern Asia,Victims of intentional homicide,Total,Total,Total,Total,2009,Counts,506.0,GSH 2019 Revision/SDG/CTS/MoI,
70,KOR,Republic of Korea,Asia,Eastern Asia,Victims of intentional homicide,Total,Total,Total,Total,2009,Counts,532.284101782461,UNSDC Adjusted/NP Adjusted/SDG Adjusted/GSH 2019 Revision/CTS,
71,LTU,Lithuania,Europe,Northern Europe,Victims of intentional homicide,Total,Total,Total,Total,2009,Counts,252.0,UNSDC/CTS,
72,LUX,Luxembourg,Europe,Western Europe,Victims of intentional homicide,Total,Total,Total,Total,2009,Counts,5.0,Eurostat/UNECE/CTS,
73,NLD,Netherlands,Europe,Western Europe,Victims of intentional homicide,Total,Total,Total,Total,2009,Counts,154.0,MD/NSO/CTS,
74,NOR,Norway,Europe,Northern Europe,Victims of intentional homicide,Total,Total,Total,Total,2009,Counts,29.0,UNSDC/GSH 2019 Revision/SDG/Eurostat/CTS/NP,
75,NZL,New Zealand,Oceania,Australia and New Zealand,Victims of intentional homicide,Total,Total,Total,Total,2009,Counts,67.0,WHO Adjusted/UNSDC/NP/CTS,
76,POL,Poland,Europe,Eastern Europe,Victims of intentional homicide,Total,Total,Total,Total,2009,Counts,387.0,UNSDC/Eurostat/CTS/SDG,
77,SVK,Slovakia,Europe,Eastern Europe,Victims of intentional homicide,Total,Total,Total,Total,2009,Counts,78.0,TransMonEE/UNSDC/SDG/GSH 2023 Revision/CTS,
78,SVN,Slovenia,Europe,Southern Europe,Victims of intentional homicide,Total,Total,Total,Total,2009,Counts,13.0,UNSDC/CTS,
79,SWE,Sweden,Europe,Northern Europe,Victims of intentional homicide,Total,Total,Total,Total,2009,Counts,93.0,NCCP/CTS,
80,USA,United States of America,Americas,Northern America,Victims of intentional homicide,Total,Total,Total,Total,2009,Counts,15399.0,NP/UNSDC/CTS/GSH 2019 Revision,
81,AUS,Australia,Oceania,Australia and New Zealand,Victims of intentional homicide,Total,Total,Total,Total,2010,Counts,231.0,MD/Eurostat/GSH 2019 Revision/CTS,
82,AUT,Austria,Europe,Western Europe,Victims of intentional homicide,Total,Total,Total,Total,2010,Counts,61.0,UNSDC/Eurostat/CTS/GSH 2023 Revision,
83,CAN,Canada,Americas,Northern America,Victims of intentional homicide,Total,Total,Total,Total,2010,Counts,557.0,NSO/OAS/CTS/SDG/GSH 2023 Revision,
85,CZE,Czechia,Europe,Eastern Europe,Victims of intentional homicide,Total,Total,Total,Total,2010,Counts,103.0,Eurostat/UNSDC/GSH 2019 Revision/CTS,
86,DEU,Germany,Europe,Western Europe,Victims of intentional homicide,Total,Total,Total,Total,2010,Counts,793.0,SDG/CTS/NP,
87,ESP,Spain,Europe,Southern Europe,Victims of intentional homicide,Total,Total,Total,Total,2010,Counts,401.0,WHO Adjusted/Eurostat/CTS/SDG,
88,EST,Estonia,Europe,Northern Europe,Victims of intentional homicide,Total,Total,Total,Total,2010,Counts,70.0,UNSDC/Eurostat/CTS,
89,FIN,Finland,Europe,Northern Europe,Victims of intentional homicide,Total,Total,Total,Total,2010,Counts,118.0,UNSDC/CTS/SDG/External,
90,FRA,France,Europe,Western Europe,Victims of intentional homicide,Total,Total,Total,Total,2010,Counts,796.0,UNSDC/Eurostat/CTS/MoI,
91,GRC,Greece,Europe,Southern Europe,Victims of intentional homicide,Total,Total,Total,Total,2010,Counts,176.0,UNSDC/Eurostat/CTS/UNODC Research,
92,HRV,Croatia,Europe,Southern Europe,Victims of intentional homicide,Total,Total,Total,Total,2010,Counts,62.0,MoI/CTS/UNODC Research,
93,HUN,Hungary,Europe,Eastern Europe,Victims of intentional homicide,Total,Total,Total,Total,2010,Counts,138.0,UNSDC/CTS,
94,ISL,Iceland,Europe,Northern Europe,Victims of intentional homicide,Total,Total,Total,Total,2010,Counts,2.0,Eurostat/UNSDC/CTS/SDG,
95,ISR,Israel,Asia,Western Asia,Victims of intentional homicide,Total,Total,Total,Total,2010,Counts,150.0,UNSDC/NSO/SDG/CTS,
96,ITA,Italy,Europe,Southern Europe,Victims of intentional homicide,Total,Total,Total,Total,2010,Counts,529.0,UNSDC/CTS/SDG,
97,JPN,Japan,Asia,Eastern Asia,Victims of intentional homicide,Total,Total,Total,Total,2010,Counts,465.0,GSH 2019 Revision/SDG/CTS/MoI,
98,KOR,Republic of Korea,Asia,Eastern Asia,Victims of intentional homicide,Total,Total,Total,Total,2010,Counts,484.634214941673,UNSDC Adjusted/NP Adjusted/SDG Adjusted/GSH 2019 Revision/CTS,
99,LTU,Lithuania,Europe,Northern Europe,Victims of intentional homicide,Total,Total,Total,Total,2010,Counts,219.0,UNSDC/CTS,
100,LUX,Luxembourg,Europe,Western Europe,Victims of intentional homicide,Total,Total,Total,Total,2010,Counts,10.0,Eurostat/UNECE/CTS,
101,NLD,Netherlands,Europe,Western Europe,Victims of intentional homicide,Total,Total,Total,Total,2010,Counts,144.0,MD/NSO/CTS,
102,NOR,Norway,Europe,Northern Europe,Victims of intentional homicide,Total,Total,Total,Total,2010,Counts,29.0,UNSDC/GSH 2019 Revision/SDG/Eurostat/CTS/NP,
103,NZL,New Zealand,Oceania,Australia and New Zealand,Victims of intentional homicide,Total,Total,Total,Total,2010,Counts,43.0,WHO Adjusted/UNSDC/NP/CTS,
104,POL,Poland,Europe,Eastern Europe,Victims of intentional homicide,Total,Total,Total,Total,2010,Counts,384.0,UNSDC/Eurostat/CTS/SDG,
105,SVK,Slovakia,Europe,Eastern Europe,Victims of intentional homicide,Total,Total,Total,Total,2010,Counts,89.0,TransMonEE/UNSDC/SDG/GSH 2023 Revision/CTS,
106,SVN,Slovenia,Europe,Southern Europe,Victims of intentional homicide,Total,Total,Total,Total,2010,Counts,15.0,UNSDC/CTS,
107,SWE,Sweden,Europe,Northern Europe,Victims of intentional homicide,Total,Total,Total,Total,2010,Counts,91.0,NCCP/CTS,
108,USA,United States of America,Americas,Northern America,Victims of intentional homicide,Total,Total,Total,Total,2010,Counts,14722.0,NP/UNSDC/CTS/GSH 2019 Revision,
109,AUS,Australia,Oceania,Australia and New Zealand,Victims of intentional homicide,Total,Total,Total,Total,2011,Counts,248.0,MD/Eurostat/GSH 2019 Revision/CTS,
110,AUT,Austria,Europe,Western Europe,Victims of intentional homicide,Total,Total,Total,Total,2011,Counts,77.0,UNSDC/Eurostat/CTS/GSH 2023 Revision,
111,CAN,Canada,Americas,Northern America,Victims of intentional homicide,Total,Total,Total,Total,2011,Counts,609.0,NSO/OAS/CTS/SDG/GSH 2023 Revision,
113,CZE,Czechia,Europe,Eastern Europe,Victims of intentional homicide,Total,Total,Total,Total,2011,Counts,86.0,Eurostat/UNSDC/GSH 2019 Revision/CTS,
114,DEU,Germany,Europe,Western Europe,Victims of intentional homicide,Total,Total,Total,Total,2011,Counts,738.0,SDG/CTS/NP,
115,ESP,Spain,Europe,Southern Europe,Victims of intentional homicide,Total,Total,Total,Total,2011,Counts,385.0,WHO Adjusted/Eurostat/CTS/SDG,
116,EST,Estonia,Europe,Northern Europe,Victims of intentional homicide,Total,Total,Total,Total,2011,Counts,65.0,UNSDC/Eurostat/CTS,
117,FIN,Finland,Europe,Northern Europe,Victims of intentional homicide,Total,Total,Total,Total,2011,Counts,110.0,UNSDC/CTS/SDG/External,
118,FRA,France,Europe,Western Europe,Victims of intentional homicide,Total,Total,Total,Total,2011,Counts,856.0,UNSDC/Eurostat/CTS/MoI,
119,GRC,Greece,Europe,Southern Europe,Victims of intentional homicide,Total,Total,Total,Total,2011,Counts,184.0,UNSDC/Eurostat/CTS/UNODC Research,
120,HRV,Croatia,Europe,Southern Europe,Victims of intentional homicide,Total,Total,Total,Total,2011,Counts,49.0,MoI/CTS/UNODC Research,
121,HUN,Hungary,Europe,Eastern Europe,Victims of intentional homicide,Total,Total,Total,Total,2011,Counts,145.0,UNSDC/CTS,
122,ISL,Iceland,Europe,Northern Europe,Victims of intentional homicide,Total,Total,Total,Total,2011,Counts,3.0,Eurostat/UNSDC/CTS/SDG,
123,ISR,Israel,Asia,Western Asia,Victims of intentional homicide,Total,Total,Total,Total,2011,Counts,147.0,UNSDC/NSO/SDG/CTS,
124,ITA,Italy,Europe,Southern Europe,Victims of intentional homicide,Total,Total,Total,Total,2011,Counts,552.0,UNSDC/CTS/SDG,
125,JPN,Japan,Asia,Eastern Asia,Victims of intentional homicide,Total,Total,Total,Total,2011,Counts,442.0,GSH 2019 Revision/SDG/CTS/MoI,
126,KOR,Republic of Korea,Asia,Eastern Asia,Victims of intentional homicide,Total,Total,Total,Total,2011,Counts,403.0,UNSDC Adjusted/NP Adjusted/SDG Adjusted/GSH 2019 Revision/CTS,
127,LTU,Lithuania,Europe,Northern Europe,Victims of intentional homicide,Total,Total,Total,Total,2011,Counts,211.0,UNSDC/CTS,
128,LUX,Luxembourg,Europe,Western Europe,Victims of intentional homicide,Total,Total,Total,Total,2011,Counts,4.0,Eurostat/UNECE/CTS,
129,NLD,Netherlands,Europe,Western Europe,Victims of intentional homicide,Total,Total,Total,Total,2011,Counts,143.0,MD/NSO/CTS,
130,NOR,Norway,Europe,Northern Europe,Victims of intentional homicide,Total,Total,Total,Total,2011,Counts,111.0,UNSDC/GSH 2019 Revision/SDG/Eurostat/CTS/NP,
131,NZL,New Zealand,Oceania,Australia and New Zealand,Victims of intentional homicide,Total,Total,Total,Total,2011,Counts,39.0,WHO Adjusted/UNSDC/NP/CTS,
132,POL,Poland,Europe,Eastern Europe,Victims of intentional homicide,Total,Total,Total,Total,2011,Counts,422.0,UNSDC/Eurostat/CTS/SDG,
133,SVK,Slovakia,Europe,Eastern Europe,Victims of intentional homicide,Total,Total,Total,Total,2011,Counts,96.0,TransMonEE/UNSDC/SDG/GSH 2023 Revision/CTS,
134,SVN,Slovenia,Europe,Southern Europe,Victims of intentional homicide,Total,Total,Total,Total,2011,Counts,16.0,UNSDC/CTS,
135,SWE,Sweden,Europe,Northern Europe,Victims of intentional homicide,Total,Total,Total,Total,2011,Counts,81.0,NCCP/CTS,
136,USA,United States of America,Americas,Northern America,Victims of intentional homicide,Total,Total,Total,Total,2011,Counts,14661.0,NP/UNSDC/CTS/GSH 2019 Revision,
137,AUS,Australia,Oceania,Australia and New Zealand,Victims of intentional homicide,Total,Total,Total,Total,2012,Counts,243.0,MD/Eurostat/GSH 2019 Revision/CTS,
138,AUT,Austria,Europe,Western Europe,Victims of intentional homicide,Total,Total,Total,Total,2012,Counts,81.0,UNSDC/Eurostat/CTS/GSH 2023 Revision,
139,CAN,Canada,Americas,Northern America,Victims of intentional homicide,Total,Total,Total,Total,2012,Counts,549.0,NSO/OAS/CTS/SDG/GSH 2023 Revision,
141,CZE,Czechia,Europe,Eastern Europe,Victims of intentional homicide,Total,Total,Total,Total,2012,Counts,105.0,Eurostat/UNSDC/GSH 2019 Revision/CTS,
142,DEU,Germany,Europe,Western Europe,Victims of intentional homicide,Total,Total,Total,Total,2012,Counts,659.0,SDG/CTS/NP,
143,ESP,Spain,Europe,Southern Europe,Victims of intentional homicide,Total,Total,Total,Total,2012,Counts,364.0,WHO Adjusted/Eurostat/CTS/SDG,
144,EST,Estonia,Europe,Northern Europe,Victims of intentional homicide,Total,Total,Total,Total,2012,Counts,63.0,UNSDC/Eurostat/CTS,
145,FIN,Finland,Europe,Northern Europe,Victims of intentional homicide,Total,Total,Total,Total,2012,Counts,89.0,UNSDC/CTS/SDG/External,
146,FRA,France,Europe,Western Europe,Victims of intentional homicide,Total,Total,Total,Total,2012,Counts,784.0,UNSDC/Eurostat/CTS/MoI,
147,GRC,Greece,Europe,Southern Europe,Victims of intentional homicide,Total,Total,Total,Total,2012,Counts,166.0,UNSDC/Eurostat/CTS/UNODC Research,
148,HRV,Croatia,Europe,Southern Europe,Victims of intentional homicide,Total,Total,Total,Total,2012,Counts,51.0,MoI/CTS/UNODC Research,
149,HUN,Hungary,Europe,Eastern Europe,Victims of intentional homicide,Total,Total,Total,Total,2012,Counts,124.0,UNSDC/CTS,
150,ISL,Iceland,Europe,Northern Europe,Victims of intentional homicide,Total,Total,Total,Total,2012,Counts,1.0,Eurostat/UNSDC/CTS/SDG,
151,ISR,Israel,Asia,Western Asia,Victims of intentional homicide,Total,Total,Total,Total,2012,Counts,128.0,UNSDC/NSO/SDG/CTS,
152,ITA,Italy,Europe,Southern Europe,Victims of intentional homicide,Total,Total,Total,Total,2012,Counts,530.0,UNSDC/CTS/SDG,
153,JPN,Japan,Asia,Eastern Asia,Victims of intentional homicide,Total,Total,Total,Total,2012,Counts,429.0,GSH 2019 Revision/SDG/CTS/MoI,
154,KOR,Republic of Korea,Asia,Eastern Asia,Victims of intentional homicide,Total,Total,Total,Total,2012,Counts,435.0,UNSDC Adjusted/NP Adjusted/SDG Adjusted/GSH 2019 Revision/CTS,
155,LTU,Lithuania,Europe,Northern Europe,Victims of intentional homicide,Total,Total,Total,Total,2012,Counts,202.0,UNSDC/CTS,
156,LUX,Luxembourg,Europe,Western Europe,Victims of intentional homicide,Total,Total,Total,Total,2012,Counts,0.0,Eurostat/UNECE/CTS,
157,LVA,Latvia,Europe,Northern Europe,Victims of intentional homicide,Total,Total,Total,Total,2012,Counts,70.0,UNSDC/CTS,
158,NLD,Netherlands,Europe,Western Europe,Victims of intentional homicide,Total,Total,Total,Total,2012,Counts,145.0,MD/NSO/CTS,
159,NOR,Norway,Europe,Northern Europe,Victims of intentional homicide,Total,Total,Total,Total,2012,Counts,27.0,UNSDC/GSH 2019 Revision/SDG/Eurostat/CTS/NP,
160,NZL,New Zealand,Oceania,Australia and New Zealand,Victims of intentional homicide,Total,Total,Total,Total,2012,Counts,41.0,WHO Adjusted/UNSDC/NP/CTS,
161,POL,Poland,Europe,Eastern Europe,Victims of intentional homicide,Total,Total,Total,Total,2012,Counts,409.0,UNSDC/Eurostat/CTS/SDG,
162,SVK,Slovakia,Europe,Eastern Europe,Victims of intentional homicide,Total,Total,Total,Total,2012,Counts,75.0,TransMonEE/UNSDC/SDG/GSH 2023 Revision/CTS,
163,SVN,Slovenia,Europe,Southern Europe,Victims of intentional homicide,Total,Total,Total,Total,2012,Counts,14.0,UNSDC/CTS,
164,SWE,Sweden,Europe,Northern Europe,Victims of intentional homicide,Total,Total,Total,Total,2012,Counts,68.0,NCCP/CTS,
165,USA,United States of America,Americas,Northern America,Victims of intentional homicide,Total,Total,Total,Total,2012,Counts,14856.0,NP/UNSDC/CTS/GSH 2019 Revision,
166,AUS,Australia,Oceania,Australia and New Zealand,Victims of intentional homicide,Total,Total,Total,Total,2013,Counts,245.0,MD/Eurostat/GSH 2019 Revision/CTS,
167,AUT,Austria,Europe,Western Europe,Victims of intentional homicide,Total,Total,Total,Total,2013,Counts,61.0,UNSDC/Eurostat/CTS/GSH 2023 Revision,
168,CAN,Canada,Americas,Northern America,Victims of intentional homicide,Total,Total,Total,Total,2013,Counts,509.0,NSO/OAS/CTS/SDG/GSH 2023 Revision,
170,CZE,Czechia,Europe,Eastern Europe,Victims of intentional homicide,Total,Total,Total,Total,2013,Counts,90.0,Eurostat/UNSDC/GSH 2019 Revision/CTS,
171,DEU,Germany,Europe,Western Europe,Victims of intentional homicide,Total,Total,Total,Total,2013,Counts,682.0,SDG/CTS/NP,
172,ESP,Spain,Europe,Southern Europe,Victims of intentional homicide,Total,Total,Total,Total,2013,Counts,302.0,WHO Adjusted/Eurostat/CTS/SDG,
173,EST,Estonia,Europe,Northern Europe,Victims of intentional homicide,Total,Total,Total,Total,2013,Counts,52.0,UNSDC/Eurostat/CTS,
174,FIN,Finland,Europe,Northern Europe,Victims of intentional homicide,Total,Total,Total,Total,2013,Counts,89.0,UNSDC/CTS/SDG/External,
175,FRA,France,Europe,Western Europe,Victims of intentional homicide,Total,Total,Total,Total,2013,Counts,777.0,UNSDC/Eurostat/CTS/MoI,
176,GRC,Greece,Europe,Southern Europe,Victims of intentional homicide,Total,Total,Total,Total,2013,Counts,153.0,UNSDC/Eurostat/CTS/UNODC Research,
177,HRV,Croatia,Europe,Southern Europe,Victims of intentional homicide,Total,Total,Total,Total,2013,Counts,46.0,MoI/CTS/UNODC Research,
178,HUN,Hungary,Europe,Eastern Europe,Victims of intentional homicide,Total,Total,Total,Total,2013,Counts,154.0,UNSDC/CTS,
179,ISL,Iceland,Europe,Northern Europe,Victims of intentional homicide,Total,Total,Total,Total,2013,Counts,1.0,Eurostat/UNSDC/CTS/SDG,
180,ISR,Israel,Asia,Western Asia,Victims of intentional homicide,Total,Total,Total,Total,2013,Counts,127.0,UNSDC/NSO/SDG/CTS,
181,ITA,Italy,Europe,Southern Europe,Victims of intentional homicide,Total,Total,Total,Total,2013,Counts,502.0,UNSDC/CTS/SDG,
182,JPN,Japan,Asia,Eastern Asia,Victims of intentional homicide,Total,Total,Total,Total,2013,Counts,370.0,GSH 2019 Revision/SDG/CTS/MoI,
183,KOR,Republic of Korea,Asia,Eastern Asia,Victims of intentional homicide,Total,Total,Total,Total,2013,Counts,352.0,UNSDC Adjusted/NP Adjusted/SDG Adjusted/GSH 2019 Revision/CTS,
184,LTU,Lithuania,Europe,Northern Europe,Victims of intentional homicide,Total,Total,Total,Total,2013,Counts,198.0,UNSDC/CTS,
185,LUX,Luxembourg,Europe,Western Europe,Victims of intentional homicide,Total,Total,Total,Total,2013,Counts,1.0,Eurostat/UNECE/CTS,
186,LVA,Latvia,Europe,Northern Europe,Victims of intentional homicide,Total,Total,Total,Total,2013,Counts,50.0,UNSDC/CTS,
187,NLD,Netherlands,Europe,Western Europe,Victims of intentional homicide,Total,Total,Total,Total,2013,Counts,125.0,MD/NSO/CTS,
188,NOR,Norway,Europe,Northern Europe,Victims of intentional homicide,Total,Total,Total,Total,2013,Counts,46.0,UNSDC/GSH 2019 Revision/SDG/Eurostat/CTS/NP,
189,NZL,New Zealand,Oceania,Australia and New Zealand,Victims of intentional homicide,Total,Total,Total,Total,2013,Counts,46.0,WHO Adjusted/UNSDC/NP/CTS,
190,POL,Poland,Europe,Eastern Europe,Victims of intentional homicide,Total,Total,Total,Total,2013,Counts,305.0,UNSDC/Eurostat/CTS/SDG,
191,SVK,Slovakia,Europe,Eastern Europe,Victims of intentional homicide,Total,Total,Total,Total,2013,Counts,78.0,TransMonEE/UNSDC/SDG/GSH 2023 Revision/CTS,
192,SVN,Slovenia,Europe,Southern Europe,Victims of intentional homicide,Total,Total,Total,Total,2013,Counts,12.0,UNSDC/CTS,
193,SWE,Sweden,Europe,Northern Europe,Victims of intentional homicide,Total,Total,Total,Total,2013,Counts,87.0,NCCP/CTS,
194,USA,United States of America,Americas,Northern America,Victims of intentional homicide,Total,Total,Total,Total,2013,Counts,14319.0,NP/UNSDC/CTS/GSH 2019 Revision,
195,AUS,Australia,Oceania,Australia and New Zealand,Victims of intentional homicide,Total,Total,Total,Total,2014,Counts,243.0,MD/Eurostat/GSH 2019 Revision/CTS,
196,AUT,Austria,Europe,Western Europe,Victims of intentional homicide,Total,Total,Total,Total,2014,Counts,42.0,UNSDC/Eurostat/CTS/GSH 2023 Revision,
197,CAN,Canada,Americas,Northern America,Victims of intentional homicide,Total,Total,Total,Total,2014,Counts,525.0,NSO/OAS/CTS/SDG/GSH 2023 Revision,
199,CZE,Czechia,Europe,Eastern Europe,Victims of intentional homicide,Total,Total,Total,Total,2014,Counts,81.0,Eurostat/UNSDC/GSH 2019 Revision/CTS,
200,DEU,Germany,Europe,Western Europe,Victims of intentional homicide,Total,Total,Total,Total,2014,Counts,716.0,SDG/CTS/NP,
201,ESP,Spain,Europe,Southern Europe,Victims of intentional homicide,Total,Total,Total,Total,2014,Counts,323.0,WHO Adjusted/Eurostat/CTS/SDG,
202,EST,Estonia,Europe,Northern Europe,Victims of intentional homicide,Total,Total,Total,Total,2014,Counts,41.0,UNSDC/Eurostat/CTS,
203,FIN,Finland,Europe,Northern Europe,Victims of intentional homicide,Total,Total,Total,Total,2014,Counts,88.0,UNSDC/CTS/SDG/External,
204,FRA,France,Europe,Western Europe,Victims of intentional homicide,Total,Total,Total,Total,2014,Counts,792.0,UNSDC/Eurostat/CTS/MoI,
205,GRC,Greece,Europe,Southern Europe,Victims of intentional homicide,Total,Total,Total,Total,2014,Counts,107.0,UNSDC/Eurostat/CTS/UNODC Research,
206,HRV,Croatia,Europe,Southern Europe,Victims of intentional homicide,Total,Total,Total,Total,2014,Counts,36.0,MoI/CTS/UNODC Research,
207,HUN,Hungary,Europe,Eastern Europe,Victims of intentional homicide,Total,Total,Total,Total,2014,Counts,146.0,UNSDC/CTS,
208,ISL,Iceland,Europe,Northern Europe,Victims of intentional homicide,Total,Total,Total,Total,2014,Counts,1.0,Eurostat/UNSDC/CTS/SDG,
209,ISR,Israel,Asia,Western Asia,Victims of intentional homicide,Total,Total,Total,Total,2014,Counts,108.0,UNSDC/NSO/SDG/CTS,
210,ITA,Italy,Europe,Southern Europe,Victims of intentional homicide,Total,Total,Total,Total,2014,Counts,475.0,UNSDC/CTS/SDG,
211,JPN,Japan,Asia,Eastern Asia,Victims of intentional homicide,Total,Total,Total,Total,2014,Counts,395.0,GSH 2019 Revision/SDG/CTS/MoI,
212,KOR,Republic of Korea,Asia,Eastern Asia,Victims of intentional homicide,Total,Total,Total,Total,2014,Counts,377.0,UNSDC Adjusted/NP Adjusted/SDG Adjusted/GSH 2019 Revision/CTS,
213,LTU,Lithuania,Europe,Northern Europe,Victims of intentional homicide,Total,Total,Total,Total,2014,Counts,159.0,UNSDC/CTS,
214,LUX,Luxembourg,Europe,Western Europe,Victims of intentional homicide,Total,Total,Total,Total,2014,Counts,4.0,Eurostat/UNECE/CTS,
215,LVA,Latvia,Europe,Northern Europe,Victims of intentional homicide,Total,Total,Total,Total,2014,Counts,64.0,UNSDC/CTS,
216,NLD,Netherlands,Europe,Western Europe,Victims of intentional homicide,Total,Total,Total,Total,2014,Counts,123.0,MD/NSO/CTS,
217,NOR,Norway,Europe,Northern Europe,Victims of intentional homicide,Total,Total,Total,Total,2014,Counts,29.0,UNSDC/GSH 2019 Revision/SDG/Eurostat/CTS/NP,
218,NZL,New Zealand,Oceania,Australia and New Zealand,Victims of intentional homicide,Total,Total,Total,Total,2014,Counts,43.0,WHO Adjusted/UNSDC/NP/CTS,
219,POL,Poland,Europe,Eastern Europe,Victims of intentional homicide,Total,Total,Total,Total,2014,Counts,287.0,UNSDC/Eurostat/CTS/SDG,
220,SVK,Slovakia,Europe,Eastern Europe,Victims of intentional homicide,Total,Total,Total,Total,2014,Counts,72.0,TransMonEE/UNSDC/SDG/GSH 2023 Revision/CTS,
221,SVN,Slovenia,Europe,Southern Europe,Victims of intentional homicide,Total,Total,Total,Total,2014,Counts,16.0,UNSDC/CTS,
222,SWE,Sweden,Europe,Northern Europe,Victims of intentional homicide,Total,Total,Total,Total,2014,Counts,87.0,NCCP/CTS,
223,USA,United States of America,Americas,Northern America,Victims of intentional homicide,Total,Total,Total,Total,2014,Counts,14164.0,NP/UNSDC/CTS/GSH 2019 Revision,
224,AUS,Australia,Oceania,Australia and New Zealand,Victims of intentional homicide,Total,Total,Total,Total,2015,Counts,236.0,MD/Eurostat/GSH 2019 Revision/CTS,
225,AUT,Austria,Europe,Western Europe,Victims of intentional homicide,Total,Total,Total,Total,2015,Counts,44.0,UNSDC/Eurostat/CTS/GSH 2023 Revision,
226,CAN,Canada,Americas,Northern America,Victims of intentional homicide,Total,Total,Total,Total,2015,Counts,611.0,NSO/OAS/CTS/SDG/GSH 2023 Revision,
228,CZE,Czechia,Europe,Eastern Europe,Victims of intentional homicide,Total,Total,Total,Total,2015,Counts,88.0,Eurostat/UNSDC/GSH 2019 Revision/CTS,
229,DEU,Germany,Europe,Western Europe,Victims of intentional homicide,Total,Total,Total,Total,2015,Counts,682.0,SDG/CTS/NP,
230,ESP,Spain,Europe,Southern Europe,Victims of intentional homicide,Total,Total,Total,Total,2015,Counts,302.0,WHO Adjusted/Eurostat/CTS/SDG,
231,EST,Estonia,Europe,Northern Europe,Victims of intentional homicide,Total,Total,Total,Total,2015,Counts,45.0,UNSDC/Eurostat/CTS,
232,FIN,Finland,Europe,Northern Europe,Victims of intentional homicide,Total,Total,Total,Total,2015,Counts,82.0,UNSDC/CTS/SDG/External,
233,FRA,France,Europe,Western Europe,Victims of intentional homicide,Total,Total,Total,Total,2015,Counts,1012.0,UNSDC/Eurostat/CTS/MoI,
234,GRC,Greece,Europe,Southern Europe,Victims of intentional homicide,Total,Total,Total,Total,2015,Counts,93.0,UNSDC/Eurostat/CTS/UNODC Research,
235,HRV,Croatia,Europe,Southern Europe,Victims of intentional homicide,Total,Total,Total,Total,2015,Counts,37.0,MoI/CTS/UNODC Research,
236,HUN,Hungary,Europe,Eastern Europe,Victims of intentional homicide,Total,Total,Total,Total,2015,Counts,221.0,UNSDC/CTS,
237,ISL,Iceland,Europe,Northern Europe,Victims of intentional homicide,Total,Total,Total,Total,2015,Counts,3.0,Eurostat/UNSDC/CTS/SDG,
238,ISR,Israel,Asia,Western Asia,Victims of intentional homicide,Total,Total,Total,Total,2015,Counts,110.0,UNSDC/NSO/SDG/CTS,
239,ITA,Italy,Europe,Southern Europe,Victims of intentional homicide,Total,Total,Total,Total,2015,Counts,469.0,UNSDC/CTS/SDG,
240,JPN,Japan,Asia,Eastern Asia,Victims of intentional homicide,Total,Total,Total,Total,2015,Counts,363.0,GSH 2019 Revision/SDG/CTS/MoI,
241,KOR,Republic of Korea,Asia,Eastern Asia,Victims of intentional homicide,Total,Total,Total,Total,2015,Counts,375.0,UNSDC Adjusted/NP Adjusted/SDG Adjusted/GSH 2019 Revision/CTS,
242,LTU,Lithuania,Europe,Northern Europe,Victims of intentional homicide,Total,Total,Total,Total,2015,Counts,172.0,UNSDC/CTS,
243,LUX,Luxembourg,Europe,Western Europe,Victims of intentional homicide,Total,Total,Total,Total,2015,Counts,5.0,Eurostat/UNECE/CTS,
244,LVA,Latvia,Europe,Northern Europe,Victims of intentional homicide,Total,Total,Total,Total,2015,Counts,67.0,UNSDC/CTS,
245,NLD,Netherlands,Europe,Western Europe,Victims of intentional homicide,Total,Total,Total,Total,2015,Counts,104.0,MD/NSO/CTS,
246,NOR,Norway,Europe,Northern Europe,Victims of intentional homicide,Total,Total,Total,Total,2015,Counts,24.0,UNSDC/GSH 2019 Revision/SDG/Eurostat/CTS/NP,
247,NZL,New Zealand,Oceania,Australia and New Zealand,Victims of intentional homicide,Total,Total,Total,Total,2015,Counts,48.0,WHO Adjusted/UNSDC/NP/CTS,
248,POL,Poland,Europe,Eastern Europe,Victims of intentional homicide,Total,Total,Total,Total,2015,Counts,298.0,UNSDC/Eurostat/CTS/SDG,
249,SVK,Slovakia,Europe,Eastern Europe,Victims of intentional homicide,Total,Total,Total,Total,2015,Counts,48.0,TransMonEE/UNSDC/SDG/GSH 2023 Revision/CTS,
250,SVN,Slovenia,Europe,Southern Europe,Victims of intentional homicide,Total,Total,Total,Total,2015,Counts,20.0,UNSDC/CTS,
251,SWE,Sweden,Europe,Northern Europe,Victims of intentional homicide,Total,Total,Total,Total,2015,Counts,112.0,NCCP/CTS,
252,USA,United States of America,Americas,Northern America,Victims of intentional homicide,Total,Total,Total,Total,2015,Counts,15883.0,NP/UNSDC/CTS/GSH 2019 Revision,
253,AUS,Australia,Oceania,Australia and New Zealand,Victims of intentional homicide,Total,Total,Total,Total,2016,Counts,227.0,MD/Eurostat/GSH 2019 Revision/CTS,
254,AUT,Austria,Europe,Western Europe,Victims of intentional homicide,Total,Total,Total,Total,2016,Counts,54.0,UNSDC/Eurostat/CTS/GSH 2023 Revision,
255,CAN,Canada,Americas,Northern America,Victims of intentional homicide,Total,Total,Total,Total,2016,Counts,616.0,NSO/OAS/CTS/SDG/GSH 2023 Revision,
257,CZE,Czechia,Europe,Eastern Europe,Victims of intentional homicide,Total,Total,Total,Total,2016,Counts,65.0,Eurostat/UNSDC/GSH 2019 Revision/CTS,
258,DEU,Germany,Europe,Western Europe,Victims of intentional homicide,Total,Total,Total,Total,2016,Counts,963.0,SDG/CTS/NP,
259,ESP,Spain,Europe,Southern Europe,Victims of intentional homicide,Total,Total,Total,Total,2016,Counts,294.0,WHO Adjusted/Eurostat/CTS/SDG,
260,EST,Estonia,Europe,Northern Europe,Victims of intentional homicide,Total,Total,Total,Total,2016,Counts,33.0,UNSDC/Eurostat/CTS,
261,FIN,Finland,Europe,Northern Europe,Victims of intentional homicide,Total,Total,Total,Total,2016,Counts,74.0,UNSDC/CTS/SDG/External,
262,FRA,France,Europe,Western Europe,Victims of intentional homicide,Total,Total,Total,Total,2016,Counts,779.0,UNSDC/Eurostat/CTS/MoI,
263,GRC,Greece,Europe,Southern Europe,Victims of intentional homicide,Total,Total,Total,Total,2016,Counts,84.0,UNSDC/Eurostat/CTS/UNODC Research,
264,HRV,Croatia,Europe,Southern Europe,Victims of intentional homicide,Total,Total,Total,Total,2016,Counts,44.0,MoI/CTS/UNODC Research,
265,HUN,Hungary,Europe,Eastern Europe,Victims of intentional homicide,Total,Total,Total,Total,2016,Counts,202.0,UNSDC/CTS,
266,ISL,Iceland,Europe,Northern Europe,Victims of intentional homicide,Total,Total,Total,Total,2016,Counts,1.0,Eurostat/UNSDC/CTS/SDG,
267,ISR,Israel,Asia,Western Asia,Victims of intentional homicide,Total,Total,Total,Total,2016,Counts,104.0,UNSDC/NSO/SDG/CTS,
268,ITA,Italy,Europe,Southern Europe,Victims of intentional homicide,Total,Total,Total,Total,2016,Counts,404.0,UNSDC/CTS/SDG,
269,JPN,Japan,Asia,Eastern Asia,Victims of intentional homicide,Total,Total,Total,Total,2016,Counts,362.0,GSH 2019 Revision/SDG/CTS/MoI,
270,KOR,Republic of Korea,Asia,Eastern Asia,Victims of intentional homicide,Total,Total,Total,Total,2016,Counts,356.0,UNSDC Adjusted/NP Adjusted/SDG Adjusted/GSH 2019 Revision/CTS,
271,LTU,Lithuania,Europe,Northern Europe,Victims of intentional homicide,Total,Total,Total,Total,2016,Counts,153.0,UNSDC/CTS,
272,LUX,Luxembourg,Europe,Western Europe,Victims of intentional homicide,Total,Total,Total,Total,2016,Counts,5.0,Eurostat/UNECE/CTS,
273,LVA,Latvia,Europe,Northern Europe,Victims of intentional homicide,Total,Total,Total,Total,2016,Counts,69.0,UNSDC/CTS,
274,NLD,Netherlands,Europe,Western Europe,Victims of intentional homicide,Total,Total,Total,Total,2016,Counts,94.0,MD/NSO/CTS,
275,NOR,Norway,Europe,Northern Europe,Victims of intentional homicide,Total,Total,Total,Total,2016,Counts,27.0,UNSDC/GSH 2019 Revision/SDG/Eurostat/CTS/NP,
276,NZL,New Zealand,Oceania,Australia and New Zealand,Victims of intentional homicide,Total,Total,Total,Total,2016,Counts,50.0,WHO Adjusted/UNSDC/NP/CTS,
277,POL,Poland,Europe,Eastern Europe,Victims of intentional homicide,Total,Total,Total,Total,2016,Counts,260.0,UNSDC/Eurostat/CTS/SDG,
278,SVK,Slovakia,Europe,Eastern Europe,Victims of intentional homicide,Total,Total,Total,Total,2016,Counts,60.0,TransMonEE/UNSDC/SDG/GSH 2023 Revision/CTS,
279,SVN,Slovenia,Europe,Southern Europe,Victims of intentional homicide,Total,Total,Total,Total,2016,Counts,10.0,UNSDC/CTS,
280,SWE,Sweden,Europe,Northern Europe,Victims of intentional homicide,Total,Total,Total,Total,2016,Counts,106.0,NCCP/CTS,
281,USA,United States of America,Americas,Northern America,Victims of intentional homicide,Total,Total,Total,Total,2016,Counts,17413.0,NP/UNSDC/CTS/GSH 2019 Revision,
282,AUS,Australia,Oceania,Australia and New Zealand,Victims of intentional homicide,Total,Total,Total,Total,2017,Counts,208.0,MD/Eurostat/GSH 2019 Revision/CTS,
283,AUT,Austria,Europe,Western Europe,Victims of intentional homicide,Total,Total,Total,Total,2017,Counts,70.0,UNSDC/Eurostat/CTS/GSH 2023 Revision,
284,CAN,Canada,Americas,Northern America,Victims of intentional homicide,Total,Total,Total,Total,2017,Counts,665.0,NSO/OAS/CTS/SDG/GSH 2023 Revision,
286,CZE,Czechia,Europe,Eastern Europe,Victims of intentional homicide,Total,Total,Total,Total,2017,Counts,66.0,Eurostat/UNSDC/GSH 2019 Revision/CTS,
287,DEU,Germany,Europe,Western Europe,Victims of intentional homicide,Total,Total,Total,Total,2017,Counts,813.0,SDG/CTS/NP,
288,ESP,Spain,Europe,Southern Europe,Victims of intentional homicide,Total,Total,Total,Total,2017,Counts,307.0,WHO Adjusted/Eurostat/CTS/SDG,
289,EST,Estonia,Europe,Northern Europe,Victims of intentional homicide,Total,Total,Total,Total,2017,Counts,29.0,UNSDC/Eurostat/CTS,
290,FIN,Finland,Europe,Northern Europe,Victims of intentional homicide,Total,Total,Total,Total,2017,Counts,67.0,UNSDC/CTS/SDG/External,
291,FRA,France,Europe,Western Europe,Victims of intentional homicide,Total,Total,Total,Total,2017,Counts,710.0,UNSDC/Eurostat/CTS/MoI,
292,GRC,Greece,Europe,Southern Europe,Victims of intentional homicide,Total,Total,Total,Total,2017,Counts,86.0,UNSDC/Eurostat/CTS/UNODC Research,
293,HRV,Croatia,Europe,Southern Europe,Victims of intentional homicide,Total,Total,Total,Total,2017,Counts,46.0,MoI/CTS/UNODC Research,
294,HUN,Hungary,Europe,Eastern Europe,Victims of intentional homicide,Total,Total,Total,Total,2017,Counts,160.0,UNSDC/CTS,
295,ISL,Iceland,Europe,Northern Europe,Victims of intentional homicide,Total,Total,Total,Total,2017,Counts,3.0,Eurostat/UNSDC/CTS/SDG,
296,ISR,Israel,Asia,Western Asia,Victims of intentional homicide,Total,Total,Total,Total,2017,Counts,123.0,UNSDC/NSO/SDG/CTS,
297,ITA,Italy,Europe,Southern Europe,Victims of intentional homicide,Total,Total,Total,Total,2017,Counts,376.0,UNSDC/CTS/SDG,
298,JPN,Japan,Asia,Eastern Asia,Victims of intentional homicide,Total,Total,Total,Total,2017,Counts,306.0,GSH 2019 Revision/SDG/CTS/MoI,
299,KOR,Republic of Korea,Asia,Eastern Asia,Victims of intentional homicide,Total,Total,Total,Total,2017,Counts,301.0,UNSDC Adjusted/NP Adjusted/SDG Adjusted/GSH 2019 Revision/CTS,
300,LTU,Lithuania,Europe,Northern Europe,Victims of intentional homicide,Total,Total,Total,Total,2017,Counts,100.0,UNSDC/CTS,
301,LUX,Luxembourg,Europe,Western Europe,Victims of intentional homicide,Total,Total,Total,Total,2017,Counts,2.0,Eurostat/UNECE/CTS,
302,LVA,Latvia,Europe,Northern Europe,Victims of intentional homicide,Total,Total,Total,Total,2017,Counts,81.0,UNSDC/CTS,
303,NLD,Netherlands,Europe,Western Europe,Victims of intentional homicide,Total,Total,Total,Total,2017,Counts,132.0,MD/NSO/CTS,
304,NOR,Norway,Europe,Northern Europe,Victims of intentional homicide,Total,Total,Total,Total,2017,Counts,28.0,UNSDC/GSH 2019 Revision/SDG/Eurostat/CTS/NP,
305,NZL,New Zealand,Oceania,Australia and New Zealand,Victims of intentional homicide,Total,Total,Total,Total,2017,Counts,35.0,WHO Adjusted/UNSDC/NP/CTS,
306,POL,Poland,Europe,Eastern Europe,Victims of intentional homicide,Total,Total,Total,Total,2017,Counts,287.0,UNSDC/Eurostat/CTS/SDG,
307,SVK,Slovakia,Europe,Eastern Europe,Victims of intentional homicide,Total,Total,Total,Total,2017,Counts,80.0,TransMonEE/UNSDC/SDG/GSH 2023 Revision/CTS,
308,SVN,Slovenia,Europe,Southern Europe,Victims of intentional homicide,Total,Total,Total,Total,2017,Counts,19.0,UNSDC/CTS,
309,SWE,Sweden,Europe,Northern Europe,Victims of intentional homicide,Total,Total,Total,Total,2017,Counts,113.0,NCCP/CTS,
310,USA,United States of America,Americas,Northern America,Victims of intentional homicide,Total,Total,Total,Total,2017,Counts,17294.0,NP/UNSDC/CTS/GSH 2019 Revision,
311,AUS,Australia,Oceania,Australia and New Zealand,Victims of intentional homicide,Total,Total,Total,Total,2018,Counts,221.0,MD/Eurostat/GSH 2019 Revision/CTS,
312,AUT,Austria,Europe,Western Europe,Victims of intentional homicide,Total,Total,Total,Total,2018,Counts,86.0,UNSDC/Eurostat/CTS/GSH 2023 Revision,
313,CAN,Canada,Americas,Northern America,Victims of intentional homicide,Total,Total,Total,Total,2018,Counts,662.0,NSO/OAS/CTS/SDG/GSH 2023 Revision,
315,DEU,Germany,Europe,Western Europe,Victims of intentional homicide,Total,Total,Total,Total,2018,Counts,788.0,SDG/CTS/NP,
316,ESP,Spain,Europe,Southern Europe,Victims of intentional homicide,Total,Total,Total,Total,2018,Counts,289.0,WHO Adjusted/Eurostat/CTS/SDG,
317,EST,Estonia,Europe,Northern Europe,Victims of intentional homicide,Total,Total,Total,Total,2018,Counts,28.0,UNSDC/Eurostat/CTS,
318,FIN,Finland,Europe,Northern Europe,Victims of intentional homicide,Total,Total,Total,Total,2018,Counts,86.0,UNSDC/CTS/SDG/External,
319,FRA,France,Europe,Western Europe,Victims of intentional homicide,Total,Total,Total,Total,2018,Counts,696.0,UNSDC/Eurostat/CTS/MoI,
320,GRC,Greece,Europe,Southern Europe,Victims of intentional homicide,Total,Total,Total,Total,2018,Counts,99.0,UNSDC/Eurostat/CTS/UNODC Research,
321,HRV,Croatia,Europe,Southern Europe,Victims of intentional homicide,Total,Total,Total,Total,2018,Counts,24.0,MoI/CTS/UNODC Research,
322,HUN,Hungary,Europe,Eastern Europe,Victims of intentional homicide,Total,Total,Total,Total,2018,Counts,86.0,UNSDC/CTS,
323,ISL,Iceland,Europe,Northern Europe,Victims of intentional homicide,Total,Total,Total,Total,2018,Counts,3.0,Eurostat/UNSDC/CTS/SDG,
324,ISR,Israel,Asia,Western Asia,Victims of intentional homicide,Total,Total,Total,Total,2018,Counts,116.0,UNSDC/NSO/SDG/CTS,
325,ITA,Italy,Europe,Southern Europe,Victims of intentional homicide,Total,Total,Total,Total,2018,Counts,359.0,UNSDC/CTS/SDG,
326,JPN,Japan,Asia,Eastern Asia,Victims of intentional homicide,Total,Total,Total,Total,2018,Counts,334.0,GSH 2019 Revision/SDG/CTS/MoI,
327,KOR,Republic of Korea,Asia,Eastern Asia,Victims of intentional homicide,Total,Total,Total,Total,2018,Counts,309.0,UNSDC Adjusted/NP Adjusted/SDG Adjusted/GSH 2019 Revision/CTS,
328,LTU,Lithuania,Europe,Northern Europe,Victims of intentional homicide,Total,Total,Total,Total,2018,Counts,92.0,UNSDC/CTS,
329,LUX,Luxembourg,Europe,Western Europe,Victims of intentional homicide,Total,Total,Total,Total,2018,Counts,3.0,Eurostat/UNECE/CTS,
330,LVA,Latvia,Europe,Northern Europe,Victims of intentional homicide,Total,Total,Total,Total,2018,Counts,84.0,UNSDC/CTS,
331,NLD,Netherlands,Europe,Western Europe,Victims of intentional homicide,Total,Total,Total,Total,2018,Counts,100.0,MD/NSO/CTS,
332,NOR,Norway,Europe,Northern Europe,Victims of intentional homicide,Total,Total,Total,Total,2018,Counts,25.0,UNSDC/GSH 2019 Revision/SDG/Eurostat/CTS/NP,
333,POL,Poland,Europe,Eastern Europe,Victims of intentional homicide,Total,Total,Total,Total,2018,Counts,273.0,UNSDC/Eurostat/CTS/SDG,
334,SVK,Slovakia,Europe,Eastern Europe,Victims of intentional homicide,Total,Total,Total,Total,2018,Counts,67.0,TransMonEE/UNSDC/SDG/GSH 2023 Revision/CTS,
335,SVN,Slovenia,Europe,Southern Europe,Victims of intentional homicide,Total,Total,Total,Total,2018,Counts,9.0,UNSDC/CTS,
336,SWE,Sweden,Europe,Northern Europe,Victims of intentional homicide,Total,Total,Total,Total,2018,Counts,108.0,NCCP/CTS,
337,USA,United States of America,Americas,Northern America,Victims of intentional homicide,Total,Total,Total,Total,2018,Counts,16374.0,NP/UNSDC/CTS/GSH 2019 Revision,
338,AUS,Australia,Oceania,Australia and New Zealand,Victims of intentional homicide,Total,Total,Total,Total,2019,Counts,225.0,MD/Eurostat/GSH 2019 Revision/CTS,
339,AUT,Austria,Europe,Western Europe,Victims of intentional homicide,Total,Total,Total,Total,2019,Counts,77.0,UNSDC/Eurostat/CTS/GSH 2023 Revision,
340,CAN,Canada,Americas,Northern America,Victims of intentional homicide,Total,Total,Total,Total,2019,Counts,689.0,NSO/OAS/CTS/SDG/GSH 2023 Revision,
342,CZE,Czechia,Europe,Eastern Europe,Victims of intentional homicide,Total,Total,Total,Total,2019,Counts,97.0,Eurostat/UNSDC/GSH 2019 Revision/CTS,
343,DEU,Germany,Europe,Western Europe,Victims of intentional homicide,Total,Total,Total,Total,2019,Counts,623.0,SDG/CTS/NP,
344,ESP,Spain,Europe,Southern Europe,Victims of intentional homicide,Total,Total,Total,Total,2019,Counts,331.0,WHO Adjusted/Eurostat/CTS/SDG,
345,EST,Estonia,Europe,Northern Europe,Victims of intentional homicide,Total,Total,Total,Total,2019,Counts,26.0,UNSDC/Eurostat/CTS,
346,FIN,Finland,Europe,Northern Europe,Victims of intentional homicide,Total,Total,Total,Total,2019,Counts,81.0,UNSDC/CTS/SDG/External,
347,FRA,France,Europe,Western Europe,Victims of intentional homicide,Total,Total,Total,Total,2019,Counts,753.0,UNSDC/Eurostat/CTS/MoI,
348,GRC,Greece,Europe,Southern Europe,Victims of intentional homicide,Total,Total,Total,Total,2019,Counts,78.0,UNSDC/Eurostat/CTS/UNODC Research,
349,HRV,Croatia,Europe,Southern Europe,Victims of intentional homicide,Total,Total,Total,Total,2019,Counts,33.0,MoI/CTS/UNODC Research,
350,HUN,Hungary,Europe,Eastern Europe,Victims of intentional homicide,Total,Total,Total,Total,2019,Counts,64.0,UNSDC/CTS,
351,ISL,Iceland,Europe,Northern Europe,Victims of intentional homicide,Total,Total,Total,Total,2019,Counts,1.0,Eurostat/UNSDC/CTS/SDG,
352,ISR,Israel,Asia,Western Asia,Victims of intentional homicide,Total,Total,Total,Total,2019,Counts,147.0,UNSDC/NSO/SDG/CTS,
353,ITA,Italy,Europe,Southern Europe,Victims of intentional homicide,Total,Total,Total,Total,2019,Counts,317.0,UNSDC/CTS/SDG,
354,JPN,Japan,Asia,Eastern Asia,Victims of intentional homicide,Total,Total,Total,Total,2019,Counts,319.0,GSH 2019 Revision/SDG/CTS/MoI,
355,KOR,Republic of Korea,Asia,Eastern Asia,Victims of intentional homicide,Total,Total,Total,Total,2019,Counts,297.0,UNSDC Adjusted/NP Adjusted/SDG Adjusted/GSH 2019 Revision/CTS,
356,LTU,Lithuania,Europe,Northern Europe,Victims of intentional homicide,Total,Total,Total,Total,2019,Counts,94.0,UNSDC/CTS,
357,LUX,Luxembourg,Europe,Western Europe,Victims of intentional homicide,Total,Total,Total,Total,2019,Counts,4.0,Eurostat/UNECE/CTS,
358,LVA,Latvia,Europe,Northern Europe,Victims of intentional homicide,Total,Total,Total,Total,2019,Counts,65.0,UNSDC/CTS,
359,NLD,Netherlands,Europe,Western Europe,Victims of intentional homicide,Total,Total,Total,Total,2019,Counts,125.0,MD/NSO/CTS,
360,NOR,Norway,Europe,Northern Europe,Victims of intentional homicide,Total,Total,Total,Total,2019,Counts,28.0,UNSDC/GSH 2019 Revision/SDG/Eurostat/CTS/NP,
361,POL,Poland,Europe,Eastern Europe,Victims of intentional homicide,Total,Total,Total,Total,2019,Counts,253.0,UNSDC/Eurostat/CTS/SDG,
362,SVK,Slovakia,Europe,Eastern Europe,Victims of intentional homicide,Total,Total,Total,Total,2019,Counts,76.0,TransMonEE/UNSDC/SDG/GSH 2023 Revision/CTS,
363,SVN,Slovenia,Europe,Southern Europe,Victims of intentional homicide,Total,Total,Total,Total,2019,Counts,14.0,UNSDC/CTS,
364,SWE,Sweden,Europe,Northern Europe,Victims of intentional homicide,Total,Total,Total,Total,2019,Counts,111.0,NCCP/CTS,
365,USA,United States of America,Americas,Northern America,Victims of intentional homicide,Total,Total,Total,Total,2019,Counts,16669.0,NP/UNSDC/CTS/GSH 2019 Revision,
366,AUS,Australia,Oceania,Australia and New Zealand,Victims of intentional homicide,Total,Total,Total,Total,2020,Counts,221.0,MD/Eurostat/GSH 2019 Revision/CTS,
367,AUT,Austria,Europe,Western Europe,Victims of intentional homicide,Total,Total,Total,Total,2020,Counts,65.0,UNSDC/Eurostat/CTS/GSH 2023 Revision,
368,CAN,Canada,Americas,Northern America,Victims of intentional homicide,Total,Total,Total,Total,2020,Counts,764.0,NSO/OAS/CTS/SDG/GSH 2023 Revision,
370,CZE,Czechia,Europe,Eastern Europe,Victims of intentional homicide,Total,Total,Total,Total,2020,Counts,77.0,Eurostat/UNSDC/GSH 2019 Revision/CTS,
371,DEU,Germany,Europe,Western Europe,Victims of intentional homicide,Total,Total,Total,Total,2020,Counts,782.0,SDG/CTS/NP,
372,ESP,Spain,Europe,Southern Europe,Victims of intentional homicide,Total,Total,Total,Total,2020,Counts,298.0,WHO Adjusted/Eurostat/CTS/SDG,
373,EST,Estonia,Europe,Northern Europe,Victims of intentional homicide,Total,Total,Total,Total,2020,Counts,42.0,UNSDC/Eurostat/CTS,
374,FIN,Finland,Europe,Northern Europe,Victims of intentional homicide,Total,Total,Total,Total,2020,Counts,91.0,UNSDC/CTS/SDG/External,
375,FRA,France,Europe,Western Europe,Victims of intentional homicide,Total,Total,Total,Total,2020,Counts,692.0,UNSDC/Eurostat/CTS/MoI,
376,GRC,Greece,Europe,Southern Europe,Victims of intentional homicide,Total,Total,Total,Total,2020,Counts,78.0,UNSDC/Eurostat/CTS/UNODC Research,
377,HRV,Croatia,Europe,Southern Europe,Victims of intentional homicide,Total,Total,Total,Total,2020,Counts,40.0,MoI/CTS/UNODC Research,
378,HUN,Hungary,Europe,Eastern Europe,Victims of intentional homicide,Total,Total,Total,Total,2020,Counts,80.0,UNSDC/CTS,
379,ISL,Iceland,Europe,Northern Europe,Victims of intentional homicide,Total,Total,Total,Total,2020,Counts,5.0,Eurostat/UNSDC/CTS/SDG,
380,ISR,Israel,Asia,Western Asia,Victims of intentional homicide,Total,Total,Total,Total,2020,Counts,147.0,UNSDC/NSO/SDG/CTS,
381,ITA,Italy,Europe,Southern Europe,Victims of intentional homicide,Total,Total,Total,Total,2020,Counts,285.0,UNSDC/CTS/SDG,
382,JPN,Japan,Asia,Eastern Asia,Victims of intentional homicide,Total,Total,Total,Total,2020,Counts,318.0,GSH 2019 Revision/SDG/CTS/MoI,
383,KOR,Republic of Korea,Asia,Eastern Asia,Victims of intentional homicide,Total,Total,Total,Total,2020,Counts,308.0,UNSDC Adjusted/NP Adjusted/SDG Adjusted/GSH 2019 Revision/CTS,
384,LTU,Lithuania,Europe,Northern Europe,Victims of intentional homicide,Total,Total,Total,Total,2020,Counts,101.0,UNSDC/CTS,
385,LUX,Luxembourg,Europe,Western Europe,Victims of intentional homicide,Total,Total,Total,Total,2020,Counts,3.0,Eurostat/UNECE/CTS,
386,LVA,Latvia,Europe,Northern Europe,Victims of intentional homicide,Total,Total,Total,Total,2020,Counts,70.0,UNSDC/CTS,
387,NLD,Netherlands,Europe,Western Europe,Victims of intentional homicide,Total,Total,Total,Total,2020,Counts,121.0,MD/NSO/CTS,
388,NOR,Norway,Europe,Northern Europe,Victims of intentional homicide,Total,Total,Total,Total,2020,Counts,31.0,UNSDC/GSH 2019 Revision/SDG/Eurostat/CTS/NP,
389,POL,Poland,Europe,Eastern Europe,Victims of intentional homicide,Total,Total,Total,Total,2020,Counts,266.0,UNSDC/Eurostat/CTS/SDG,
390,SVK,Slovakia,Europe,Eastern Europe,Victims of intentional homicide,Total,Total,Total,Total,2020,Counts,63.0,TransMonEE/UNSDC/SDG/GSH 2023 Revision/CTS,
391,SVN,Slovenia,Europe,Southern Europe,Victims of intentional homicide,Total,Total,Total,Total,2020,Counts,11.0,UNSDC/CTS,
392,SWE,Sweden,Europe,Northern Europe,Victims of intentional homicide,Total,Total,Total,Total,2020,Counts,124.0,NCCP/CTS,
393,USA,United States of America,Americas,Northern America,Victims of intentional homicide,Total,Total,Total,Total,2020,Counts,21570.0,NP/UNSDC/CTS/GSH 2019 Revision,
394,AUS,Australia,Oceania,Australia and New Zealand,Victims of intentional homicide,Total,Total,Total,Total,2021,Counts,193.0,MD/Eurostat/GSH 2019 Revision/CTS,
395,AUT,Austria,Europe,Western Europe,Victims of intentional homicide,Total,Total,Total,Total,2021,Counts,65.0,UNSDC/Eurostat/CTS/GSH 2023 Revision,
396,CAN,Canada,Americas,Northern America,Victims of intentional homicide,Total,Total,Total,Total,2021,Counts,796.0,NSO/OAS/CTS/SDG/GSH 2023 Revision,
398,CZE,Czechia,Europe,Eastern Europe,Victims of intentional homicide,Total,Total,Total,Total,2021,Counts,47.0,Eurostat/UNSDC/GSH 2019 Revision/CTS,
399,DEU,Germany,Europe,Western Europe,Victims of intentional homicide,Total,Total,Total,Total,2021,Counts,695.0,SDG/CTS/NP,
400,ESP,Spain,Europe,Southern Europe,Victims of intentional homicide,Total,Total,Total,Total,2021,Counts,290.0,WHO Adjusted/Eurostat/CTS/SDG,
401,EST,Estonia,Europe,Northern Europe,Victims of intentional homicide,Total,Total,Total,Total,2021,Counts,26.0,UNSDC/Eurostat/CTS,
402,FIN,Finland,Europe,Northern Europe,Victims of intentional homicide,Total,Total,Total,Total,2021,Counts,82.0,UNSDC/CTS/SDG/External,
403,FRA,France,Europe,Western Europe,Victims of intentional homicide,Total,Total,Total,Total,2021,Counts,734.0,UNSDC/Eurostat/CTS/MoI,
404,GRC,Greece,Europe,Southern Europe,Victims of intentional homicide,Total,Total,Total,Total,2021,Counts,89.0,UNSDC/Eurostat/CTS/UNODC Research,
405,HRV,Croatia,Europe,Southern Europe,Victims of intentional homicide,Total,Total,Total,Total,2021,Counts,33.0,MoI/CTS/UNODC Research,
406,HUN,Hungary,Europe,Eastern Europe,Victims of intentional homicide,Total,Total,Total,Total,2021,Counts,75.0,UNSDC/CTS,
407,ISL,Iceland,Europe,Northern Europe,Victims of intentional homicide,Total,Total,Total,Total,2021,Counts,2.0,Eurostat/UNSDC/CTS/SDG,
408,ISR,Israel,Asia,Western Asia,Victims of intentional homicide,Total,Total,Total,Total,2021,Counts,173.0,UNSDC/NSO/SDG/CTS,
409,ITA,Italy,Europe,Southern Europe,Victims of intentional homicide,Total,Total,Total,Total,2021,Counts,303.0,UNSDC/CTS/SDG,
410,JPN,Japan,Asia,Eastern Asia,Victims of intentional homicide,Total,Total,Total,Total,2021,Counts,285.0,GSH 2019 Revision/SDG/CTS/MoI,
411,KOR,Republic of Korea,Asia,Eastern Asia,Victims of intentional homicide,Total,Total,Total,Total,2021,Counts,270.0,UNSDC Adjusted/NP Adjusted/SDG Adjusted/GSH 2019 Revision/CTS,
412,LTU,Lithuania,Europe,Northern Europe,Victims of intentional homicide,Total,Total,Total,Total,2021,Counts,72.0,UNSDC/CTS,
413,LUX,Luxembourg,Europe,Western Europe,Victims of intentional homicide,Total,Total,Total,Total,2021,Counts,4.0,Eurostat/UNECE/CTS,
414,LVA,Latvia,Europe,Northern Europe,Victims of intentional homicide,Total,Total,Total,Total,2021,Counts,57.0,UNSDC/CTS,
415,NLD,Netherlands,Europe,Western Europe,Victims of intentional homicide,Total,Total,Total,Total,2021,Counts,126.0,MD/NSO/CTS,
416,NOR,Norway,Europe,Northern Europe,Victims of intentional homicide,Total,Total,Total,Total,2021,Counts,29.0,UNSDC/GSH 2019 Revision/SDG/Eurostat/CTS/NP,
417,POL,Poland,Europe,Eastern Europe,Victims of intentional homicide,Total,Total,Total,Total,2021,Counts,273.0,UNSDC/Eurostat/CTS/SDG,
418,SVK,Slovakia,Europe,Eastern Europe,Victims of intentional homicide,Total,Total,Total,Total,2021,Counts,55.0,TransMonEE/UNSDC/SDG/GSH 2023 Revision/CTS,
419,SVN,Slovenia,Europe,Southern Europe,Victims of intentional homicide,Total,Total,Total,Total,2021,Counts,9.0,UNSDC/CTS,
420,SWE,Sweden,Europe,Northern Europe,Victims of intentional homicide,Total,Total,Total,Total,2021,Counts,113.0,NCCP/CTS,
421,USA,United States of America,Americas,Northern America,Victims of intentional homicide,Total,Total,Total,Total,2021,Counts,22941.0,NP/UNSDC/CTS/GSH 2019 Revision,
422,AUS,Australia,Oceania,Australia and New Zealand,Victims of intentional homicide,Total,Total,Total,Total,2022,Counts,218.0,MD/Eurostat/GSH 2019 Revision/CTS,
423,AUT,Austria,Europe,Western Europe,Victims of intentional homicide,Total,Total,Total,Total,2022,Counts,79.0,UNSDC/Eurostat/CTS/GSH 2023 Revision,
424,CAN,Canada,Americas,Northern America,Victims of intentional homicide,Total,Total,Total,Total,2022,Counts,874.0,NSO/OAS/CTS/SDG/GSH 2023 Revision,
426,CZE,Czechia,Europe,Eastern Europe,Victims of intentional homicide,Total,Total,Total,Total,2022,Counts,87.0,Eurostat/UNSDC/GSH 2019 Revision/CTS,
427,ESP,Spain,Europe,Southern Europe,Victims of intentional homicide,Total,Total,Total,Total,2022,Counts,325.0,WHO Adjusted/Eurostat/CTS/SDG,
428,FIN,Finland,Europe,Northern Europe,Victims of intentional homicide,Total,Total,Total,Total,2022,Counts,67.0,UNSDC/CTS/SDG/External,
429,GRC,Greece,Europe,Southern Europe,Victims of intentional homicide,Total,Total,Total,Total,2022,Counts,117.0,UNSDC/Eurostat/CTS/UNODC Research,
430,HRV,Croatia,Europe,Southern Europe,Victims of intentional homicide,Total,Total,Total,Total,2022,Counts,31.0,MoI/CTS/UNODC Research,
431,HUN,Hungary,Europe,Eastern Europe,Victims of intentional homicide,Total,Total,Total,Total,2022,Counts,94.0,UNSDC/CTS,
432,ISR,Israel,Asia,Western Asia,Victims of intentional homicide,Total,Total,Total,Total,2022,Counts,147.0,UNSDC/NSO/SDG/CTS,
433,ITA,Italy,Europe,Southern Europe,Victims of intentional homicide,Total,Total,Total,Total,2022,Counts,322.0,UNSDC/CTS/SDG,
434,KOR,Republic of Korea,Asia,Eastern Asia,Victims of intentional homicide,Total,Total,Total,Total,2022,Counts,275.0,UNSDC Adjusted/NP Adjusted/SDG Adjusted/GSH 2019 Revision/CTS,
435,LTU,Lithuania,Europe,Northern Europe,Victims of intentional homicide,Total,Total,Total,Total,2022,Counts,67.0,UNSDC/CTS,
436,LUX,Luxembourg,Europe,Western Europe,Victims of intentional homicide,Total,Total,Total,Total,2022,Counts,10.0,Eurostat/UNECE/CTS,
437,LVA,Latvia,Europe,Northern Europe,Victims of intentional homicide,Total,Total,Total,Total,2022,Counts,67.0,UNSDC/CTS,
438,NLD,Netherlands,Europe,Western Europe,Victims of intentional homicide,Total,Total,Total,Total,2022,Counts,142.0,MD/NSO/CTS,
439,NOR,Norway,Europe,Northern Europe,Victims of intentional homicide,Total,Total,Total,Total,2022,Counts,30.0,UNSDC/GSH 2019 Revision/SDG/Eurostat/CTS/NP,
440,POL,Poland,Europe,Eastern Europe,Victims of intentional homicide,Total,Total,Total,Total,2022,Counts,270.0,UNSDC/Eurostat/CTS/SDG,
441,SVK,Slovakia,Europe,Eastern Europe,Victims of intentional homicide,Total,Total,Total,Total,2022,Counts,42.0,TransMonEE/UNSDC/SDG/GSH 2023 Revision/CTS,
442,SVN,Slovenia,Europe,Southern Europe,Victims of intentional homicide,Total,Total,Total,Total,2022,Counts,13.0,UNSDC/CTS,
443,SWE,Sweden,Europe,Northern Europe,Victims of intentional homicide,Total,Total,Total,Total,2022,Counts,116.0,NCCP/CTS,
444,USA,United States of America,Americas,Northern America,Victims of intentional homicide,Total,Total,Total,Total,2022,Counts,21593.0,NP/UNSDC/CTS/GSH 2019 Revision,
445,GBR,United Kingdom,Europe,Northern Europe,Victims of intentional homicide,Total,Total,Total,Total,2007,Counts,874.0,Combination,
446,GBR,United Kingdom,Europe,Northern Europe,Victims of intentional homicide,Total,Total,Total,Total,2008,Counts,760.0,Combination,
447,GBR,United Kingdom,Europe,Northern Europe,Victims of intentional homicide,Total,Total,Total,Total,2009,Counts,703.0,Combination,
448,GBR,United Kingdom,Europe,Northern Europe,Victims of intentional homicide,Total,Total,Total,Total,2010,Counts,755.0,Combination,
449,GBR,United Kingdom,Europe,Northern Europe,Victims of intentional homicide,Total,Total,Total,Total,2011,Counts,640.0,Combination,
450,GBR,United Kingdom,Europe,Northern Europe,Victims of intentional homicide,Total,Total,Total,Total,2012,Counts,626.0,Combination,
451,GBR,United Kingdom,Europe,Northern Europe,Victims of intentional homicide,Total,Total,Total,Total,2013,Counts,603.0,Combination,
452,GBR,United Kingdom,Europe,Northern Europe,Victims of intentional homicide,Total,Total,Total,Total,2014,Counts,584.0,Combination,
453,GBR,United Kingdom,Europe,Northern Europe,Victims of intentional homicide,Total,Total,Total,Total,2015,Counts,622.0,Combination,
454,GBR,United Kingdom,Europe,Northern Europe,Victims of intentional homicide,Total,Total,Total,Total,2016,Counts,759.0,Combination,
455,GBR,United Kingdom,Europe,Northern Europe,Victims of intentional homicide,Total,Total,Total,Total,2017,Counts,779.0,Combination,
456,GBR,United Kingdom,Europe,Northern Europe,Victims of intentional homicide,Total,Total,Total,Total,2018,Counts,723.0,Combination,
457,GBR,United Kingdom,Europe,Northern Europe,Victims of intentional homicide,Total,Total,Total,Total,2019,Counts,768.0,Combination,
458,GBR,United Kingdom,Europe,Northern Europe,Victims of intentional homicide,Total,Total,Total,Total,2020,Counts,674.0,Combination,
459,GBR,United Kingdom,Europe,Northern Europe,Victims of intentional homicide,Total,Total,Total,Total,2021,Counts,770.0,Combination,
460,BEL,Belgium,Europe,Western Europe,Victims of intentional homicide,Total,Total,Total,Total,2007,Counts,211.0000000000002,Combination,
461,BEL,Belgium,Europe,Western Europe,Victims of intentional homicide,Total,Total,Total,Total,2008,Counts,203.0,Combination,
462,BEL,Belgium,Europe,Western Europe,Victims of intentional homicide,Total,Total,Total,Total,2009,Counts,188.9999999999996,Combination,
463,BEL,Belgium,Europe,Western Europe,Victims of intentional homicide,Total,Total,Total,Total,2010,Counts,189.0000000000005,Combination,
464,BEL,Belgium,Europe,Western Europe,Victims of intentional homicide,Total,Total,Total,Total,2011,Counts,213.99999999999972,Combination,
465,BEL,Belgium,Europe,Western Europe,Victims of intentional homicide,Total,Total,Total,Total,2012,Counts,204.9999999999998,Combination,
466,BEL,Belgium,Europe,Western Europe,Victims of intentional homicide,Total,Total,Total,Total,2013,Counts,205.00000000000028,Combination,
467,BEL,Belgium,Europe,Western Europe,Victims of intentional homicide,Total,Total,Total,Total,2014,Counts,210.0000000000004,Combination,
468,BEL,Belgium,Europe,Western Europe,Victims of intentional homicide,Total,Total,Total,Total,2015,Counts,231.0,Combination,
469,BEL,Belgium,Europe,Western Europe,Victims of intentional homicide,Total,Total,Total,Total,2016,Counts,174.0,Combination,
470,BEL,Belgium,Europe,Western Europe,Victims of intentional homicide,Total,Total,Total,Total,2017,Counts,198.0,Combination,
471,BEL,Belgium,Europe,Western Europe,Victims of intentional homicide,Total,Total,Total,Total,2018,Counts,190.0,Combination,
472,BEL,Belgium,Europe,Western Europe,Victims of intentional homicide,Total,Total,Total,Total,2019,Counts,146.0,Combination,
473,BEL,Belgium,Europe,Western Europe,Victims of intentional homicide,Total,Total,Total,Total,2020,Counts,0.0,Combination,
474,BEL,Belgium,Europe,Western Europe,Victims of intentional homicide,Total,Total,Total,Total,2021,Counts,125.0,Combination,
475,DNK,Denmark,Europe,Northern Europe,Victims of intentional homicide,Total,Total,Total,Total,2007,Counts,39.0,Combination,Sum of Sex Total
476,DNK,Denmark,Europe,Northern Europe,Victims of intentional homicide,Total,Total,Total,Total,2008,Counts,54.0,Combination,Sum of Sex Total
477,DNK,Denmark,Europe,Northern Europe,Victims of intentional homicide,Total,Total,Total,Total,2009,Counts,47.0,Combination,Sum of Sex Total
478,DNK,Denmark,Europe,Northern Europe,Victims of intentional homicide,Total,Total,Total,Total,2010,Counts,42.0,Combination,Sum of Sex Total
479,DNK,Denmark,Europe,Northern Europe,Victims of intentional homicide,Total,Total,Total,Total,2011,Counts,46.0,Combination,Sum of Sex Total
480,DNK,Denmark,Europe,Northern Europe,Victims of intentional homicide,Total,Total,Total,Total,2012,Counts,47.0,Combination,Sum of Sex Total
481,DNK,Denmark,Europe,Northern Europe,Victims of intentional homicide,Total,Total,Total,Total,2013,Counts,48.0,Combination,Sum of Sex Total
482,DNK,Denmark,Europe,Northern Europe,Victims of intentional homicide,Total,Total,Total,Total,2014,Counts,74.0,Combination,Sum of Sex Total
483,DNK,Denmark,Europe,Northern Europe,Victims of intentional homicide,Total,Total,Total,Total,2015,Counts,62.0,Combination,Sum of Sex Total
484,DNK,Denmark,Europe,Northern Europe,Victims of intentional homicide,Total,Total,Total,Total,2016,Counts,56.0,Combination,Sum of Sex Total
485,DNK,Denmark,Europe,Northern Europe,Victims of intentional homicide,Total,Total,Total,Total,2017,Counts,71.0,Combination,Sum of Sex Total
486,DNK,Denmark,Europe,Northern Europe,Victims of intentional homicide,Total,Total,Total,Total,2018,Counts,58.0,Combination,Sum of Sex Total
487,DNK,Denmark,Europe,Northern Europe,Victims of intentional homicide,Total,Total,Total,Total,2019,Counts,50.0,Combination,Sum of Sex Total
488,DNK,Denmark,Europe,Northern Europe,Victims of intentional homicide,Total,Total,Total,Total,2020,Counts,48.0,Combination,Sum of Sex Total
489,DNK,Denmark,Europe,Northern Europe,Victims of intentional homicide,Total,Total,Total,Total,2021,Counts,37.0,Combination,Sum of Sex Total
490,DNK,Denmark,Europe,Northern Europe,Victims of intentional homicide,Total,Total,Total,Total,2022,Counts,58.0,Combination,Sum of Sex Total
491,PRT,Portugal,Europe,Southern Europe,Victims of intentional homicide,Total,Total,Total,Total,2007,Counts,184.9999999999998,Combination,Sum of Sex Total
492,PRT,Portugal,Europe,Southern Europe,Victims of intentional homicide,Total,Total,Total,Total,2008,Counts,124.0,Combination,Sum of Sex Total
493,PRT,Portugal,Europe,Southern Europe,Victims of intentional homicide,Total,Total,Total,Total,2009,Counts,130.0,Combination,Sum of Sex Total
494,PRT,Portugal,Europe,Southern Europe,Victims of intentional homicide,Total,Total,Total,Total,2010,Counts,124.0,Combination,Sum of Sex Total
495,PRT,Portugal,Europe,Southern Europe,Victims of intentional homicide,Total,Total,Total,Total,2011,Counts,113.9999999999999,Combination,Sum of Sex Total
496,PRT,Portugal,Europe,Southern Europe,Victims of intentional homicide,Total,Total,Total,Total,2012,Counts,122.0,Combination,Sum of Sex Total
497,PRT,Portugal,Europe,Southern Europe,Victims of intentional homicide,Total,Total,Total,Total,2013,Counts,143.99999999999991,Combination,Sum of Sex Total
498,PRT,Portugal,Europe,Southern Europe,Victims of intentional homicide,Total,Total,Total,Total,2014,Counts,92.0,Combination,Sum of Sex Total
499,PRT,Portugal,Europe,Southern Europe,Victims of intentional homicide,Total,Total,Total,Total,2015,Counts,100.0,Combination,Sum of Sex Total
500,PRT,Portugal,Europe,Southern Europe,Victims of intentional homicide,Total,Total,Total,Total,2016,Counts,66.0,Combination,Sum of Sex Total
501,PRT,Portugal,Europe,Southern Europe,Victims of intentional homicide,Total,Total,Total,Total,2017,Counts,76.0,Combination,Sum of Sex Total
502,PRT,Portugal,Europe,Southern Europe,Victims of intentional homicide,Total,Total,Total,Total,2018,Counts,81.0,Combination,Sum of Sex Total
503,PRT,Portugal,Europe,Southern Europe,Victims of intentional homicide,Total,Total,Total,Total,2019,Counts,73.0,Combination,Sum of Sex Total
504,PRT,Portugal,Europe,Southern Europe,Victims of intentional homicide,Total,Total,Total,Total,2020,Counts,81.0,Combination,Sum of Sex Total
505,PRT,Portugal,Europe,Southern Europe,Victims of intentional homicide,Total,Total,Total,Total,2021,Counts,82.0,Combination,Sum of Sex Total
506,CHE,Switzerland,Europe,Western Europe,Victims of intentional homicide,Total,Total,Total,Total,2007,Counts,51.0,Combination,Sum of Sex Total
507,CHE,Switzerland,Europe,Western Europe,Victims of intentional homicide,Total,Total,Total,Total,2008,Counts,54.0,Combination,Sum of Sex Total
508,CHE,Switzerland,Europe,Western Europe,Victims of intentional homicide,Total,Total,Total,Total,2009,Counts,51.0,Combination,Sum of Sex Total
509,CHE,Switzerland,Europe,Western Europe,Victims of intentional homicide,Total,Total,Total,Total,2010,Counts,52.0,Combination,Sum of Sex Total
510,CHE,Switzerland,Europe,Western Europe,Victims of intentional homicide,Total,Total,Total,Total,2011,Counts,46.0,Combination,Sum of Sex Total
511,CHE,Switzerland,Europe,Western Europe,Victims of intentional homicide,Total,Total,Total,Total,2012,Counts,45.0,Combination,Sum of Sex Total
512,CHE,Switzerland,Europe,Western Europe,Victims of intentional homicide,Total,Total,Total,Total,2013,Counts,57.0,Combination,Sum of Sex Total
513,CHE,Switzerland,Europe,Western Europe,Victims of intentional homicide,Total,Total,Total,Total,2014,Counts,41.0,Combination,Sum of Sex Total
514,CHE,Switzerland,Europe,Western Europe,Victims of intentional homicide,Total,Total,Total,Total,2015,Counts,57.0,Combination,Sum of Sex Total
515,CHE,Switzerland,Europe,Western Europe,Victims of intentional homicide,Total,Total,Total,Total,2016,Counts,45.0,Combination,Sum of Sex Total
516,CHE,Switzerland,Europe,Western Europe,Victims of intentional homicide,Total,Total,Total,Total,2017,Counts,45.0,Combination,Sum of Sex Total
517,CHE,Switzerland,Europe,Western Europe,Victims of intentional homicide,Total,Total,Total,Total,2018,Counts,50.0,Combination,Sum of Sex Total
518,CHE,Switzerland,Europe,Western Europe,Victims of intentional homicide,Total,Total,Total,Total,2019,Counts,46.0,Combination,Sum of Sex Total
519,CHE,Switzerland,Europe,Western Europe,Victims of intentional homicide,Total,Total,Total,Total,2020,Counts,47.0,Combination,Sum of Sex Total
520,CHE,Switzerland,Europe,Western Europe,Victims of intentional homicide,Total,Total,Total,Total,2021,Counts,42.0,Combination,Sum of Sex Total
521,CHE,Switzerland,Europe,Western Europe,Victims of intentional homicide,Total,Total,Total,Total,2022,Counts,43.0,Combination,Sum of Sex Total
